"Time (s)","Latitude (째)","Longitude (째)","Height (m)","Velocity (m/s)","Direction (째)","Horizontal Accuracy (m)","Vertical Accuracy (째)"
6.721479893E-1,5.233459828E1,4.864231189E0,3.624431372E0,-1.000000000E0,-1.000000000E0,3.500000000E1,3.500000000E1
7.218937993E0,5.233461627E1,4.864211466E0,3.752071798E0,-1.000000000E0,-1.000000000E0,3.500000000E1,3.500000000E1
1.378571999E1,5.233458906E1,4.864245389E0,3.723035544E0,-1.000000000E0,-1.000000000E0,3.500000000E1,3.500000000E1
2.037635005E1,5.233458764E1,4.864253047E0,3.711877525E0,-1.000000000E0,-1.000000000E0,3.500000000E1,3.500000000E1
2.704462898E1,5.233458213E1,4.864266949E0,3.730641693E0,-1.000000000E0,-1.000000000E0,3.500000000E1,3.500000000E1
3.762906301E1,5.233457745E1,4.864270479E0,3.641243637E0,-1.000000000E0,-1.000000000E0,3.500000000E1,3.500000000E1
5.135947704E1,5.233457958E1,4.864279866E0,3.488578200E0,-1.000000000E0,-1.000000000E0,3.500000000E1,3.500000000E1
5.328024209E1,5.233458227E1,4.864278628E0,3.444410443E0,-1.000000000E0,-1.000000000E0,3.500000000E1,3.500000000E1
5.978106499E1,5.233464366E1,4.864188473E0,3.324149489E0,-1.000000000E0,-1.000000000E0,3.500000000E1,3.500000000E1
6.634233809E1,5.233463402E1,4.864208443E0,3.287487686E0,-1.000000000E0,-1.000000000E0,3.500000000E1,3.500000000E1
8.232215405E1,5.233464853E1,4.864224470E0,2.413842916E0,-1.000000000E0,-1.000000000E0,3.500000000E1,3.500000000E1
8.456680202E1,5.233462395E1,4.864267258E0,2.177864194E0,-1.000000000E0,-1.000000000E0,3.500000000E1,3.500000000E1
9.058802402E1,5.233470907E1,4.864135482E0,2.610534191E0,-1.000000000E0,-1.000000000E0,3.500000000E1,3.500000000E1
9.108443999E1,5.233479127E1,4.864094400E0,2.688871622E0,-1.000000000E0,-1.000000000E0,3.500000000E1,3.500000000E1
1.054044260E2,5.233487513E1,4.863987991E0,2.690206766E0,-1.000000000E0,-1.000000000E0,8.231056601E1,8.231056601E1
1.133374380E2,5.233489251E1,4.864026089E0,2.944223881E0,-1.000000000E0,-1.000000000E0,9.672599940E1,9.672599940E1
1.367281610E2,5.233496812E1,4.863971432E0,-1.157189846E0,-1.000000000E0,-1.000000000E0,1.997059616E2,1.997059616E2
1.382810221E2,5.233497223E1,4.863968463E0,-1.157189846E0,-1.000000000E0,-1.000000000E0,2.021017693E2,2.021017693E2
1.397253801E2,5.233497596E1,4.863965764E0,-1.157189846E0,-1.000000000E0,-1.000000000E0,2.044258934E2,2.044258934E2
1.398267601E2,5.233497622E1,4.863965577E0,-1.157189846E0,-1.000000000E0,-1.000000000E0,2.044382125E2,2.044382125E2
1.399193680E2,5.233497646E1,4.863965407E0,-1.157189846E0,-1.000000000E0,-1.000000000E0,2.044485613E2,2.044485613E2
1.399583321E2,5.233497656E1,4.863965335E0,-1.157189846E0,-1.000000000E0,-1.000000000E0,2.044504030E2,2.044504030E2
1.410038360E2,5.233497920E1,4.863963426E0,-1.157189846E0,-1.000000000E0,-1.000000000E0,2.057981675E2,2.057981675E2
1.462957461E2,5.233413928E1,4.864210649E0,2.944475651E0,-1.000000000E0,-1.000000000E0,4.100000000E1,4.100000000E1
1.477573071E2,5.233410234E1,4.864221186E0,2.944475651E0,-1.000000000E0,-1.000000000E0,4.100000000E1,4.100000000E1
1.482706370E2,5.233426517E1,4.864175493E0,3.084774256E0,-1.000000000E0,-1.000000000E0,3.600000000E1,3.600000000E1
1.503983721E2,5.233433918E1,4.864154581E0,3.112900317E0,-1.000000000E0,-1.000000000E0,3.600000000E1,3.600000000E1
1.508323040E2,5.233436977E1,4.864146002E0,3.123809695E0,-1.000000000E0,-1.000000000E0,3.600000000E1,3.600000000E1
1.508885250E2,5.233438327E1,4.864142230E0,3.129372418E0,-1.000000000E0,-1.000000000E0,3.600000000E1,3.600000000E1
1.640062330E2,5.233449642E1,4.864109513E0,-9.722015262E-1,-1.000000000E0,-1.000000000E0,1.660126383E2,1.660126383E2
1.640153151E2,5.233449650E1,4.864109493E0,-9.722015262E-1,-1.000000000E0,-1.000000000E0,1.660126732E2,1.660126732E2
1.666324921E2,5.233472177E1,4.864098568E0,2.912881613E0,-1.000000000E0,-1.000000000E0,5.400000000E1,5.400000000E1
1.721812041E2,5.233424603E1,4.864191980E0,2.457335591E0,-1.000000000E0,-1.000000000E0,4.100000000E1,4.100000000E1
1.726007020E2,5.233440457E1,4.864161901E0,2.571664691E0,-1.000000000E0,-1.000000000E0,4.114593532E1,4.114593532E1
1.786177291E2,5.233413145E1,4.864214890E0,2.661107063E0,-1.000000000E0,-1.000000000E0,4.100000000E1,4.100000000E1
1.791862761E2,5.233438594E1,4.864167361E0,2.699210644E0,-1.000000000E0,-1.000000000E0,4.116547136E1,4.116547136E1
1.852284890E2,5.233413522E1,4.864214825E0,2.734272718E0,-1.000000000E0,-1.000000000E0,4.100000000E1,4.100000000E1
1.857505020E2,5.233448848E1,4.864152711E0,2.751318574E0,-1.000000000E0,-1.000000000E0,4.100000000E1,4.100000000E1
1.955214911E2,5.233419703E1,4.864209150E0,2.751738191E0,-1.000000000E0,-1.000000000E0,7.160009544E1,7.160009544E1
1.955261830E2,5.233419690E1,4.864209175E0,2.751738191E0,-1.000000000E0,-1.000000000E0,7.160010223E1,7.160010223E1
2.017572811E2,5.233474139E1,4.864122655E0,2.750386357E0,-1.000000000E0,-1.000000000E0,4.100000000E1,4.100000000E1
2.078285000E2,5.233433825E1,4.864185307E0,2.758929729E0,-1.000000000E0,-1.000000000E0,4.100000000E1,4.100000000E1
2.082561110E2,5.233462821E1,4.864140686E0,2.771365881E0,-1.000000000E0,-1.000000000E0,4.100000000E1,4.100000000E1
2.143618641E2,5.233424279E1,4.864199681E0,2.776243210E0,-1.000000000E0,-1.000000000E0,4.100000000E1,4.100000000E1
2.148943341E2,5.233457132E1,4.864153449E0,2.748179317E0,-1.000000000E0,-1.000000000E0,4.100000000E1,4.100000000E1
2.209510690E2,5.233420327E1,4.864206948E0,2.719683886E0,-1.000000000E0,-1.000000000E0,4.100000000E1,4.100000000E1
2.214635321E2,5.233451717E1,4.864152452E0,2.738915801E0,-1.000000000E0,-1.000000000E0,4.100000000E1,4.100000000E1
2.275250341E2,5.233417539E1,4.864207006E0,2.757078171E0,-1.000000000E0,-1.000000000E0,4.100000000E1,4.100000000E1
2.281725470E2,5.233452888E1,4.864152811E0,2.798476577E0,-1.000000000E0,-1.000000000E0,4.100000000E1,4.100000000E1
2.341948941E2,5.233418353E1,4.864207038E0,2.836385727E0,-1.000000000E0,-1.000000000E0,4.100000000E1,4.100000000E1
2.347220241E2,5.233454674E1,4.864150483E0,2.845336080E0,-1.000000000E0,-1.000000000E0,4.100000000E1,4.100000000E1
2.407947730E2,5.233418830E1,4.864206564E0,2.854077935E0,-1.000000000E0,-1.000000000E0,4.100000000E1,4.100000000E1
2.412931701E2,5.233450436E1,4.864162199E0,2.750233889E0,-1.000000000E0,-1.000000000E0,4.108656179E1,4.108656179E1
2.473207251E2,5.233416985E1,4.864211466E0,2.655099273E0,-1.000000000E0,-1.000000000E0,4.100000000E1,4.100000000E1
2.478619950E2,5.233451233E1,4.864160083E0,2.657763004E0,-1.000000000E0,-1.000000000E0,4.100000000E1,4.100000000E1
2.538719081E2,5.233417591E1,4.864209761E0,2.660688281E0,-1.000000000E0,-1.000000000E0,4.100000000E1,4.100000000E1
2.543919201E2,5.233452742E1,4.864149940E0,2.715815544E0,-1.000000000E0,-1.000000000E0,4.100000000E1,4.100000000E1
2.604542791E2,5.233418135E1,4.864205643E0,2.767162442E0,-1.000000000E0,-1.000000000E0,4.100000000E1,4.100000000E1
2.609900950E2,5.233449228E1,4.864154849E0,2.725158930E0,-1.000000000E0,-1.000000000E0,4.100000000E1,4.100000000E1
2.670976061E2,5.233416614E1,4.864208337E0,2.683389664E0,-1.000000000E0,-1.000000000E0,4.100000000E1,4.100000000E1
2.676366271E2,5.233451930E1,4.864149672E0,2.660781026E0,-1.000000000E0,-1.000000000E0,4.100000000E1,4.100000000E1
2.736628320E2,5.233418122E1,4.864205987E0,2.640587211E0,-1.000000000E0,-1.000000000E0,4.100000000E1,4.100000000E1
2.742048020E2,5.233451309E1,4.864153169E0,2.645630002E0,-1.000000000E0,-1.000000000E0,4.100000000E1,4.100000000E1
2.802559290E2,5.233417756E1,4.864207889E0,2.657130122E0,-1.000000000E0,-1.000000000E0,4.100000000E1,4.100000000E1
2.807982271E2,5.233450916E1,4.864153164E0,2.644161224E0,-1.000000000E0,-1.000000000E0,4.100000000E1,4.100000000E1
2.869001930E2,5.233417521E1,4.864208014E0,2.632705927E0,-1.000000000E0,-1.000000000E0,4.100000000E1,4.100000000E1
2.873619081E2,5.233451536E1,4.864146573E0,2.637764454E0,-1.000000000E0,-1.000000000E0,4.100000000E1,4.100000000E1
2.933837210E2,5.233417859E1,4.864205322E0,2.642919898E0,-1.000000000E0,-1.000000000E0,4.100000000E1,4.100000000E1
2.938928441E2,5.233450862E1,4.864150446E0,2.606066465E0,-1.000000000E0,-1.000000000E0,4.100000000E1,4.100000000E1
2.999989620E2,5.233416022E1,4.864210107E0,2.572399378E0,-1.000000000E0,-1.000000000E0,4.100000000E1,4.100000000E1
3.004085220E2,5.233448833E1,4.864154375E0,2.637542009E0,-1.000000000E0,-1.000000000E0,4.100000000E1,4.100000000E1
3.064806710E2,5.233413347E1,4.864214950E0,2.698777199E0,-1.000000000E0,-1.000000000E0,4.100000000E1,4.100000000E1
3.068811580E2,5.233448354E1,4.864157861E0,2.682322860E0,-1.000000000E0,-1.000000000E0,4.100000000E1,4.100000000E1
3.128938240E2,5.233413248E1,4.864215522E0,2.667431593E0,-1.000000000E0,-1.000000000E0,4.100000000E1,4.100000000E1
3.133058441E2,5.233447729E1,4.864163861E0,2.691635489E0,-1.000000000E0,-1.000000000E0,4.100000000E1,4.100000000E1
3.193794210E2,5.233413138E1,4.864216220E0,2.714806914E0,-1.000000000E0,-1.000000000E0,4.100000000E1,4.100000000E1
3.197915950E2,5.233448085E1,4.864151817E0,2.741108298E0,-1.000000000E0,-1.000000000E0,4.100000000E1,4.100000000E1
3.348228010E2,5.233466267E1,4.864118624E0,2.756655455E0,-1.000000000E0,-1.000000000E0,4.100000000E1,4.100000000E1
3.395085061E2,5.233430457E1,4.864183642E0,2.680224299E0,-1.000000000E0,-1.000000000E0,4.100000000E1,4.100000000E1
3.455479350E2,5.233409726E1,4.864221283E0,2.609584689E0,-1.000000000E0,-1.000000000E0,4.100000000E1,4.100000000E1
3.460727381E2,5.233434936E1,4.864174858E0,2.680108070E0,-1.000000000E0,-1.000000000E0,4.160746717E1,4.160746717E1
3.521163471E2,5.233413135E1,4.864214984E0,2.743456721E0,-1.000000000E0,-1.000000000E0,4.100000000E1,4.100000000E1
3.526297470E2,5.233438117E1,4.864168654E0,2.731683016E0,-1.000000000E0,-1.000000000E0,4.158537837E1,4.158537837E1
3.589435220E2,5.233413171E1,4.864214921E0,2.721173644E0,-1.000000000E0,-1.000000000E0,4.100000000E1,4.100000000E1
3.593578011E2,5.233452031E1,4.864150607E0,2.688073039E0,-1.000000000E0,-1.000000000E0,4.100000000E1,4.100000000E1
3.654396091E2,5.233415102E1,4.864212613E0,2.657997251E0,-1.000000000E0,-1.000000000E0,4.100000000E1,4.100000000E1
3.659705831E2,5.233448885E1,4.864150971E0,2.663780451E0,-1.000000000E0,-1.000000000E0,4.100000000E1,4.100000000E1
3.720386500E2,5.233413441E1,4.864214057E0,2.669557095E0,-1.000000000E0,-1.000000000E0,4.100000000E1,4.100000000E1
3.724465051E2,5.233445239E1,4.864162228E0,2.654031754E0,-1.000000000E0,-1.000000000E0,4.136534736E1,4.136534736E1
3.784673480E2,5.233412755E1,4.864216535E0,2.640015721E0,-1.000000000E0,-1.000000000E0,4.100000000E1,4.100000000E1
3.790547531E2,5.233447498E1,4.864159170E0,2.667435288E0,-1.000000000E0,-1.000000000E0,4.100000000E1,4.100000000E1
3.850673951E2,5.233414019E1,4.864214057E0,2.692940474E0,-1.000000000E0,-1.000000000E0,4.100000000E1,4.100000000E1
3.856459020E2,5.233439555E1,4.864166587E0,2.649819493E0,-1.000000000E0,-1.000000000E0,4.174227688E1,4.174227688E1
3.964878831E2,5.233438180E1,4.864168703E0,2.650239110E0,-1.000000000E0,-1.000000000E0,5.465625576E1,5.465625576E1
3.964942471E2,5.233438180E1,4.864168703E0,2.650239110E0,-1.000000000E0,-1.000000000E0,5.465631037E1,5.465631037E1
3.971731040E2,5.233420910E1,4.864200650E0,2.341925383E0,-1.000000000E0,-1.000000000E0,4.100000000E1,4.100000000E1
3.975752491E2,5.233444988E1,4.864155917E0,2.424182534E0,-1.000000000E0,-1.000000000E0,4.128131281E1,4.128131281E1
4.036733950E2,5.233418475E1,4.864205109E0,2.501763463E0,-1.000000000E0,-1.000000000E0,4.100000000E1,4.100000000E1
4.040944561E2,5.233441821E1,4.864160325E0,2.546209455E0,-1.000000000E0,-1.000000000E0,4.111928923E1,4.111928923E1
4.101083790E2,5.233416057E1,4.864209101E0,2.583977342E0,-1.000000000E0,-1.000000000E0,4.100000000E1,4.100000000E1
4.105270400E2,5.233444983E1,4.864155675E0,2.637090564E0,-1.000000000E0,-1.000000000E0,4.108193938E1,4.108193938E1
4.165973220E2,5.233416916E1,4.864208080E0,2.690428257E0,-1.000000000E0,-1.000000000E0,4.100000000E1,4.100000000E1
4.170125910E2,5.233439608E1,4.864166344E0,2.707949519E0,-1.000000000E0,-1.000000000E0,4.106817598E1,4.106817598E1
4.231029490E2,5.233414544E1,4.864212704E0,2.724802732E0,-1.000000000E0,-1.000000000E0,4.100000000E1,4.100000000E1
4.235949371E2,5.233445717E1,4.864155786E0,2.723615289E0,-1.000000000E0,-1.000000000E0,4.108877424E1,4.108877424E1
4.276263860E2,5.233462896E1,4.864124566E0,2.737857580E0,-1.000000000E0,-1.000000000E0,4.200000000E1,4.200000000E1
4.367998561E2,5.233469946E1,4.864108765E0,2.779180169E0,-1.000000000E0,-1.000000000E0,5.200000000E1,5.200000000E1
4.421742270E2,5.233430440E1,4.864182361E0,2.380396962E0,-1.000000000E0,-1.000000000E0,4.100000000E1,4.100000000E1
4.425830630E2,5.233442730E1,4.864159253E0,2.516976595E0,-1.000000000E0,-1.000000000E0,4.106070401E1,4.106070401E1
4.473914371E2,5.233453286E1,4.864141861E0,2.659627557E0,-1.000000000E0,-1.000000000E0,4.911953165E1,4.911953165E1
4.540842171E2,5.233465171E1,4.864116965E0,2.742096543E0,-1.000000000E0,-1.000000000E0,5.200000000E1,5.200000000E1
4.591726511E2,5.233429478E1,4.864184016E0,2.374724388E0,-1.000000000E0,-1.000000000E0,4.100000000E1,4.100000000E1
4.597257470E2,5.233442162E1,4.864156808E0,2.613458991E0,-1.000000000E0,-1.000000000E0,4.112006483E1,4.112006483E1
4.635426461E2,5.233449441E1,4.864140531E0,2.806710601E0,-1.000000000E0,-1.000000000E0,4.668828283E1,4.668828283E1
4.687968600E2,5.233423907E1,4.864192153E0,2.920803308E0,-1.000000000E0,-1.000000000E0,4.100000000E1,4.100000000E1
4.748201001E2,5.233412245E1,4.864215848E0,2.990958333E0,-1.000000000E0,-1.000000000E0,4.100000000E1,4.100000000E1
4.753102261E2,5.233429640E1,4.864175142E0,2.866902113E0,-1.000000000E0,-1.000000000E0,4.108785193E1,4.108785193E1
4.814069990E2,5.233414812E1,4.864208767E0,2.758761644E0,-1.000000000E0,-1.000000000E0,4.100000000E1,4.100000000E1
4.818835710E2,5.233432915E1,4.864171759E0,2.703023076E0,-1.000000000E0,-1.000000000E0,4.108055281E1,4.108055281E1
4.879640191E2,5.233415866E1,4.864208492E0,2.654935837E0,-1.000000000E0,-1.000000000E0,4.100000000E1,4.100000000E1
4.935409200E2,5.233406277E1,4.864226996E0,2.654912949E0,-1.000000000E0,-1.000000000E0,5.117323549E1,5.117323549E1
4.972869951E2,5.233418127E1,4.864218145E0,2.654684067E0,-1.000000000E0,-1.000000000E0,5.580633321E1,5.580633321E1
5.018089250E2,5.233437448E1,4.864171838E0,2.654668808E0,-1.000000000E0,-1.000000000E0,6.241128217E1,6.241128217E1
5.040562221E2,5.233468524E1,4.864096986E0,2.654729843E0,-1.000000000E0,-1.000000000E0,3.500000000E1,3.500000000E1
5.040827800E2,5.233471946E1,4.864088676E0,2.654729843E0,-1.000000000E0,-1.000000000E0,3.500000000E1,3.500000000E1
5.093550251E2,5.233474547E1,4.864082686E0,2.654729843E0,-1.000000000E0,-1.000000000E0,3.500000000E1,3.500000000E1
5.097672710E2,5.233475341E1,4.864086829E0,2.310239077E0,-1.000000000E0,-1.000000000E0,3.500000000E1,3.500000000E1
5.158666511E2,5.233439201E1,4.864161049E0,2.132884264E0,-1.000000000E0,-1.000000000E0,4.100000000E1,4.100000000E1
5.164147280E2,5.233450479E1,4.864198453E0,2.074542761E0,-1.000000000E0,-1.000000000E0,3.500000000E1,3.500000000E1
5.225177411E2,5.233416570E1,4.864221288E0,2.012436867E0,-1.000000000E0,-1.000000000E0,4.100000000E1,4.100000000E1
5.229309831E2,5.233443087E1,4.864240879E0,2.367395520E0,-1.000000000E0,-1.000000000E0,3.500000000E1,3.500000000E1
5.273835760E2,5.233453436E1,4.864272076E0,2.359939098E0,-1.000000000E0,-1.000000000E0,3.500000000E1,3.500000000E1
5.401155961E2,5.233460184E1,4.864157246E0,2.524038672E0,-1.000000000E0,-1.000000000E0,3.500000000E1,3.500000000E1
5.421722010E2,5.233464170E1,4.864152162E0,2.381968260E0,-1.000000000E0,-1.000000000E0,3.500000000E1,3.500000000E1
5.539672700E2,5.233453318E1,4.864254741E0,3.275668383E0,-1.000000000E0,-1.000000000E0,3.500000000E1,3.500000000E1
5.689851930E2,5.233453110E1,4.864256589E0,3.559803247E0,-1.000000000E0,-1.000000000E0,3.500000000E1,3.500000000E1
5.759729121E2,5.233435530E1,4.864240419E0,3.673475236E0,-1.000000000E0,-1.000000000E0,3.500003511E1,3.500003511E1
5.910108501E2,5.233425361E1,4.864231065E0,3.736638576E0,-1.000000000E0,-1.000000000E0,3.500020123E1,3.500020123E1
6.060249001E2,5.233419479E1,4.864225655E0,3.776867270E0,-1.000000000E0,-1.000000000E0,3.500037376E1,3.500037376E1
6.211247901E2,5.233416076E1,4.864222525E0,3.804733366E0,-1.000000000E0,-1.000000000E0,3.500055521E1,3.500055521E1
6.362248371E2,5.233414108E1,4.864220714E0,3.825176567E0,-1.000000000E0,-1.000000000E0,3.500074351E1,3.500074351E1
6.512620751E2,5.233412969E1,4.864219667E0,3.840814263E0,-1.000000000E0,-1.000000000E0,3.500093693E1,3.500093693E1
6.663573700E2,5.233412310E1,4.864219061E0,3.853162661E0,-1.000000000E0,-1.000000000E0,3.500113849E1,3.500113849E1
6.814255410E2,5.233411929E1,4.864218711E0,3.863160849E0,-1.000000000E0,-1.000000000E0,3.500134585E1,3.500134585E1
6.937912420E2,5.233411929E1,4.864218710E0,3.864259481E0,-1.000000000E0,-1.000000000E0,3.500148963E1,3.500148963E1
6.937932870E2,5.233411929E1,4.864218710E0,3.864259481E0,-1.000000000E0,-1.000000000E0,3.500148963E1,3.500148963E1
6.939424040E2,5.233411929E1,4.864218710E0,3.864259481E0,-1.000000000E0,-1.000000000E0,3.500148965E1,3.500148965E1
6.939527451E2,5.233411929E1,4.864218710E0,3.864259481E0,-1.000000000E0,-1.000000000E0,3.500148965E1,3.500148965E1
6.964808481E2,5.233411709E1,4.864218508E0,3.871421382E0,-1.000000000E0,-1.000000000E0,3.500149578E1,3.500149578E1
7.115189691E2,5.233411581E1,4.864218391E0,3.878361151E0,-1.000000000E0,-1.000000000E0,3.500171500E1,3.500171500E1
7.265906490E2,5.233411508E1,4.864218323E0,3.884273469E0,-1.000000000E0,-1.000000000E0,3.500194143E1,3.500194143E1
7.415913560E2,5.233411465E1,4.864218283E0,3.889370799E0,-1.000000000E0,-1.000000000E0,3.500217181E1,3.500217181E1
7.566913670E2,5.233411440E1,4.864218261E0,3.893810794E0,-1.000000000E0,-1.000000000E0,3.500241132E1,3.500241132E1
7.717414300E2,5.233411426E1,4.864218248E0,3.897712901E0,-1.000000000E0,-1.000000000E0,3.500265520E1,3.500265520E1
7.868367851E2,5.233411418E1,4.864218240E0,3.901169300E0,-1.000000000E0,-1.000000000E0,3.500290645E1,3.500290645E1
7.973800970E2,5.233411413E1,4.864218235E0,3.901169300E0,-1.000000000E0,-1.000000000E0,3.900594610E1,3.900594610E1
7.978233300E2,5.233441407E1,4.864227206E0,3.743564367E0,-1.000000000E0,-1.000000000E0,3.500000000E1,3.500000000E1
8.069713000E2,5.233441407E1,4.864227206E0,3.744811773E0,-1.000000000E0,-1.000000000E0,5.630444986E1,5.630444986E1
8.071632570E2,5.233421784E1,4.864221335E0,3.352918386E0,-1.000000000E0,-1.000000000E0,4.100000000E1,4.100000000E1
8.076410050E2,5.233447037E1,4.864229474E0,3.244606555E0,-1.000000000E0,-1.000000000E0,3.500000000E1,3.500000000E1
8.137127670E2,5.233416448E1,4.864219831E0,3.184177399E0,-1.000000000E0,-1.000000000E0,4.100000000E1,4.100000000E1
8.141927000E2,5.233432080E1,4.864283307E0,3.280821919E0,-1.000000000E0,-1.000000000E0,3.500000000E1,3.500000000E1
8.292870300E2,5.233437363E1,4.864303689E0,3.347188950E0,-1.000000000E0,-1.000000000E0,3.500000000E1,3.500000000E1
8.443653780E2,5.233439974E1,4.864312075E0,3.383802056E0,-1.000000000E0,-1.000000000E0,3.500000000E1,3.500000000E1
8.593659741E2,5.233441111E1,4.864315724E0,3.407006383E0,-1.000000000E0,-1.000000000E0,3.500000000E1,3.500000000E1
8.743668890E2,5.233441605E1,4.864317312E0,3.423027933E0,-1.000000000E0,-1.000000000E0,3.500000000E1,3.500000000E1
8.894173380E2,5.233441820E1,4.864318003E0,3.434754789E0,-1.000000000E0,-1.000000000E0,3.500000000E1,3.500000000E1
9.045012621E2,5.233441914E1,4.864318303E0,3.443709731E0,-1.000000000E0,-1.000000000E0,3.500000000E1,3.500000000E1
9.195158551E2,5.233441955E1,4.864318434E0,3.450771689E0,-1.000000000E0,-1.000000000E0,3.500000000E1,3.500000000E1
9.297417611E2,5.233441955E1,4.864318434E0,3.451977134E0,-1.000000000E0,-1.000000000E0,3.500006833E1,3.500006833E1
9.297499371E2,5.233441955E1,4.864318434E0,3.451977134E0,-1.000000000E0,-1.000000000E0,3.500006833E1,3.500006833E1
9.300141090E2,5.233441955E1,4.864318434E0,3.451977134E0,-1.000000000E0,-1.000000000E0,3.500006837E1,3.500006837E1
9.300161850E2,5.233441955E1,4.864318434E0,3.451977134E0,-1.000000000E0,-1.000000000E0,3.500006837E1,3.500006837E1
9.345651710E2,5.233441972E1,4.864318491E0,3.456483483E0,-1.000000000E0,-1.000000000E0,3.500000000E1,3.500000000E1
9.496605541E2,5.233441980E1,4.864318516E0,3.461198568E0,-1.000000000E0,-1.000000000E0,3.500000000E1,3.500000000E1
9.646703011E2,5.233441983E1,4.864318526E0,3.465156913E0,-1.000000000E0,-1.000000000E0,3.500000000E1,3.500000000E1
9.797175170E2,5.233441985E1,4.864318531E0,3.468527198E0,-1.000000000E0,-1.000000000E0,3.500000000E1,3.500000000E1
9.947902220E2,5.233441985E1,4.864318533E0,3.471431375E0,-1.000000000E0,-1.000000000E0,3.500000000E1,3.500000000E1
1.009803246E3,5.233441986E1,4.864318534E0,3.473959863E0,-1.000000000E0,-1.000000000E0,3.500000000E1,3.500000000E1
1.024826798E3,5.233441986E1,4.864318534E0,3.476181209E0,-1.000000000E0,-1.000000000E0,3.500000000E1,3.500000000E1
1.039868943E3,5.233441986E1,4.864318535E0,3.478148103E0,-1.000000000E0,-1.000000000E0,3.500000000E1,3.500000000E1
1.054930414E3,5.233441986E1,4.864318535E0,3.479901969E0,-1.000000000E0,-1.000000000E0,3.500000000E1,3.500000000E1
1.069940470E3,5.233441986E1,4.864318535E0,3.481475592E0,-1.000000000E0,-1.000000000E0,3.500000000E1,3.500000000E1
1.084941351E3,5.233441986E1,4.864318535E0,3.482895434E0,-1.000000000E0,-1.000000000E0,3.500000000E1,3.500000000E1
1.100034564E3,5.233441986E1,4.864318535E0,3.484182954E0,-1.000000000E0,-1.000000000E0,3.500000000E1,3.500000000E1
1.115049030E3,5.233429096E1,4.864276252E0,3.484289765E0,-1.000000000E0,-1.000000000E0,3.500022788E1,3.500022788E1
1.115487095E3,5.233452208E1,4.864193229E0,3.442302346E0,-1.000000000E0,-1.000000000E0,3.500000000E1,3.500000000E1
1.126536915E3,5.233452208E1,4.864193229E0,3.442638040E0,-1.000000000E0,-1.000000000E0,3.500012658E1,3.500012658E1
1.126543386E3,5.233452208E1,4.864193229E0,3.442638040E0,-1.000000000E0,-1.000000000E0,3.500012658E1,3.500012658E1
1.130493258E3,5.233457897E1,4.864172793E0,3.404041231E0,-1.000000000E0,-1.000000000E0,3.500000000E1,3.500000000E1
1.145584461E3,5.233459298E1,4.864167763E0,3.368907750E0,-1.000000000E0,-1.000000000E0,3.500000000E1,3.500000000E1
1.160680367E3,5.233459642E1,4.864166524E0,3.336533487E0,-1.000000000E0,-1.000000000E0,3.500000000E1,3.500000000E1
1.175755729E3,5.233459727E1,4.864166219E0,3.306605577E0,-1.000000000E0,-1.000000000E0,3.500000000E1,3.500000000E1
1.190757831E3,5.233459748E1,4.864166144E0,3.278856814E0,-1.000000000E0,-1.000000000E0,3.500000000E1,3.500000000E1
1.205799437E3,5.233459753E1,4.864166126E0,3.253057480E0,-1.000000000E0,-1.000000000E0,3.500000000E1,3.500000000E1
1.220874475E3,5.233459754E1,4.864166121E0,3.229009092E0,-1.000000000E0,-1.000000000E0,3.500000000E1,3.500000000E1
1.232698569E3,5.233459754E1,4.864166121E0,3.230267942E0,-1.000000000E0,-1.000000000E0,3.500009242E1,3.500009242E1
1.235893835E3,5.233459755E1,4.864166120E0,3.206539929E0,-1.000000000E0,-1.000000000E0,3.500000000E1,3.500000000E1
1.250919876E3,5.233459755E1,4.864166120E0,3.185498655E0,-1.000000000E0,-1.000000000E0,3.500000000E1,3.500000000E1
1.265975702E3,5.233459755E1,4.864166120E0,3.165753365E0,-1.000000000E0,-1.000000000E0,3.500000000E1,3.500000000E1
1.280993212E3,5.233459755E1,4.864166120E0,3.147187829E0,-1.000000000E0,-1.000000000E0,3.500000000E1,3.500000000E1
1.295999831E3,5.233459755E1,4.864166120E0,3.129699409E0,-1.000000000E0,-1.000000000E0,3.500000000E1,3.500000000E1
1.311067130E3,5.233459755E1,4.864166120E0,3.113196909E0,-1.000000000E0,-1.000000000E0,3.500000000E1,3.500000000E1
1.326090360E3,5.233459755E1,4.864166120E0,3.097599268E0,-1.000000000E0,-1.000000000E0,3.500000000E1,3.500000000E1
1.340015632E3,5.233459755E1,4.864166120E0,3.082834125E0,-1.000000000E0,-1.000000000E0,3.500000000E1,3.500000000E1
1.343241656E3,5.233459755E1,4.864166120E0,3.068837047E0,-1.000000000E0,-1.000000000E0,3.500000000E1,3.500000000E1
1.358292346E3,5.233459755E1,4.864166120E0,3.055549026E0,-1.000000000E0,-1.000000000E0,3.500000000E1,3.500000000E1
1.373310114E3,5.233459755E1,4.864166120E0,3.042917490E0,-1.000000000E0,-1.000000000E0,3.500000000E1,3.500000000E1
1.388327892E3,5.233459755E1,4.864166120E0,3.030894995E0,-1.000000000E0,-1.000000000E0,3.500000000E1,3.500000000E1
1.403400541E3,5.233459755E1,4.864166120E0,3.019438386E0,-1.000000000E0,-1.000000000E0,3.500000000E1,3.500000000E1
1.418921006E3,5.233449761E1,4.864233020E0,3.016486287E0,-1.000000000E0,-1.000000000E0,3.500000000E1,3.500000000E1
1.433972575E3,5.233446213E1,4.864256767E0,3.013623118E0,-1.000000000E0,-1.000000000E0,3.500000000E1,3.500000000E1
1.449007309E3,5.233444954E1,4.864265196E0,3.010885835E0,-1.000000000E0,-1.000000000E0,3.500000000E1,3.500000000E1
1.464081405E3,5.233444507E1,4.864268188E0,3.008266330E0,-1.000000000E0,-1.000000000E0,3.500000000E1,3.500000000E1
1.479082570E3,5.233444348E1,4.864269249E0,3.005757093E0,-1.000000000E0,-1.000000000E0,3.500000000E1,3.500000000E1
1.494175824E3,5.233444292E1,4.864269626E0,3.003351331E0,-1.000000000E0,-1.000000000E0,3.500000000E1,3.500000000E1
1.509184494E3,5.233444272E1,4.864269760E0,3.001042843E0,-1.000000000E0,-1.000000000E0,3.500000000E1,3.500000000E1
1.524192502E3,5.233444265E1,4.864269808E0,2.998825788E0,-1.000000000E0,-1.000000000E0,3.500000000E1,3.500000000E1
1.539289786E3,5.233444262E1,4.864269824E0,2.996694803E0,-1.000000000E0,-1.000000000E0,3.500000000E1,3.500000000E1
1.554343229E3,5.233444261E1,4.864269830E0,2.994645000E0,-1.000000000E0,-1.000000000E0,3.500000000E1,3.500000000E1
1.569350970E3,5.233444261E1,4.864269833E0,2.992671847E0,-1.000000000E0,-1.000000000E0,3.500000000E1,3.500000000E1
1.584389424E3,5.233444261E1,4.864269833E0,2.990771055E0,-1.000000000E0,-1.000000000E0,3.500000000E1,3.500000000E1
1.599390540E3,5.233444261E1,4.864269834E0,2.988938689E0,-1.000000000E0,-1.000000000E0,3.500000000E1,3.500000000E1
1.614481280E3,5.233444261E1,4.864269834E0,2.987171173E0,-1.000000000E0,-1.000000000E0,3.500000000E1,3.500000000E1
1.629482325E3,5.233444261E1,4.864269834E0,2.985465169E0,-1.000000000E0,-1.000000000E0,3.500000000E1,3.500000000E1
1.644537501E3,5.233421049E1,4.864233375E0,2.985579610E0,-1.000000000E0,-1.000000000E0,4.100000000E1,4.100000000E1
1.645070016E3,5.233437688E1,4.864282774E0,3.068155408E0,-1.000000000E0,-1.000000000E0,3.500000000E1,3.500000000E1
1.651149123E3,5.233413609E1,4.864229075E0,3.182613850E0,-1.000000000E0,-1.000000000E0,4.100000000E1,4.100000000E1
1.651679072E3,5.233442052E1,4.864240699E0,3.340061605E0,-1.000000000E0,-1.000000000E0,3.500000000E1,3.500000000E1
1.657693990E3,5.233416182E1,4.864211646E0,3.493670762E0,-1.000000000E0,-1.000000000E0,4.100000000E1,4.100000000E1
1.658229414E3,5.233451811E1,4.864183980E0,3.475731134E0,-1.000000000E0,-1.000000000E0,3.500000000E1,3.500000000E1
1.664238087E3,5.233433509E1,4.864197205E0,3.461172223E0,-1.000000000E0,-1.000000000E0,3.569663850E1,3.569663850E1
1.664617014E3,5.233437636E1,4.864276612E0,3.477178097E0,-1.000000000E0,-1.000000000E0,3.500000000E1,3.500000000E1
1.679710571E3,5.233439116E1,4.864305093E0,3.486318052E0,-1.000000000E0,-1.000000000E0,3.500000000E1,3.500000000E1
1.694713830E3,5.233439668E1,4.864315718E0,3.492207170E0,-1.000000000E0,-1.000000000E0,3.500000000E1,3.500000000E1
1.709812386E3,5.233439874E1,4.864319683E0,3.496317923E0,-1.000000000E0,-1.000000000E0,3.500000000E1,3.500000000E1
1.724840943E3,5.233439951E1,4.864321162E0,3.499350190E0,-1.000000000E0,-1.000000000E0,3.500000000E1,3.500000000E1
1.739909378E3,5.233439980E1,4.864321713E0,3.501679182E0,-1.000000000E0,-1.000000000E0,3.500000000E1,3.500000000E1
1.754954746E3,5.233439990E1,4.864321919E0,3.503524125E0,-1.000000000E0,-1.000000000E0,3.500000000E1,3.500000000E1